{"cameraMode":{"drawMode":0,"name":"Shaded","section":"Shading Mode"},"sceneLighting":false,"audioPlay":false,"sceneViewState":{"m_AlwaysRefresh":false,"showFog":true,"showSkybox":false,"showFlares":true,"showImageEffects":true,"showParticleSystems":true,"showVisualEffectGraphs":true,"m_FxEnabled":true},"in2DMode":false,"pivot":{"x":-6.528627872467041,"y":-0.8446847796440125,"z":-4.885666370391846},"rotation":{"x":-0.22921057045459748,"y":-0.023635895922780038,"z":0.005649732891470194,"w":-0.9731881022453308},"size":1.5245635509490967,"orthographic":false}