{"cameraMode":{"drawMode":0,"name":"Shaded","section":"Shading Mode"},"sceneLighting":false,"audioPlay":false,"sceneViewState":{"m_AlwaysRefresh":false,"showFog":true,"showSkybox":false,"showFlares":true,"showImageEffects":true,"showParticleSystems":true,"showVisualEffectGraphs":true,"m_FxEnabled":true},"in2DMode":false,"pivot":{"x":-8.987112045288086,"y":3.5963847637176515,"z":0.0020236074924468996},"rotation":{"x":-0.3170284628868103,"y":0.37339404225349429,"z":-0.13752666115760804,"w":-0.8610226511955261},"size":0.2563606798648834,"orthographic":false}