{"cameraMode":{"drawMode":0,"name":"Shaded","section":"Shading Mode"},"sceneLighting":false,"audioPlay":false,"sceneViewState":{"m_AlwaysRefresh":false,"showFog":true,"showSkybox":false,"showFlares":true,"showImageEffects":true,"showParticleSystems":true,"showVisualEffectGraphs":true,"m_FxEnabled":true},"in2DMode":false,"pivot":{"x":0.046051740646362308,"y":5.950370788574219,"z":-55.0905647277832},"rotation":{"x":0.05993781238794327,"y":-0.03053118661046028,"z":0.0018162252381443978,"w":0.9977551102638245},"size":1.4899407625198365,"orthographic":true}