{"cameraMode":{"drawMode":0,"name":"Shaded","section":"Shading Mode"},"sceneLighting":false,"audioPlay":false,"sceneViewState":{"m_AlwaysRefresh":false,"showFog":true,"showSkybox":false,"showFlares":true,"showImageEffects":true,"showParticleSystems":true,"showVisualEffectGraphs":true,"m_FxEnabled":true},"in2DMode":false,"pivot":{"x":-1.219982385635376,"y":-0.7664452791213989,"z":-31.711816787719728},"rotation":{"x":-0.018908321857452394,"y":0.9380107522010803,"z":-0.34219861030578616,"w":-0.05182955414056778},"size":0.28635159134864809,"orthographic":false}