{"cameraMode":{"drawMode":0,"name":"Shaded","section":"Shading Mode"},"sceneLighting":false,"audioPlay":false,"sceneViewState":{"m_AlwaysRefresh":false,"showFog":true,"showSkybox":false,"showFlares":true,"showImageEffects":true,"showParticleSystems":true,"showVisualEffectGraphs":true,"m_FxEnabled":true},"in2DMode":false,"pivot":{"x":-26.005762100219728,"y":-0.17789506912231446,"z":13.372076034545899},"rotation":{"x":-0.04956963658332825,"y":0.9186244010925293,"z":-0.12225710600614548,"w":-0.37245988845825198},"size":16.397769927978517,"orthographic":false}