{"cameraMode":{"drawMode":0,"name":"Shaded","section":"Shading Mode"},"sceneLighting":false,"audioPlay":false,"sceneViewState":{"m_AlwaysRefresh":false,"showFog":true,"showSkybox":false,"showFlares":true,"showImageEffects":true,"showParticleSystems":true,"showVisualEffectGraphs":true,"m_FxEnabled":true},"in2DMode":false,"pivot":{"x":-1.219982385635376,"y":-0.7664452791213989,"z":-31.711816787719728},"rotation":{"x":-0.19259871542453767,"y":-0.0023576936218887569,"z":0.00046301106340251863,"w":-0.9812760949134827},"size":3.0503180027008058,"orthographic":false}